[
  {
    "id": 1,
    "name": "Honest Abe Roofing \u2013 Terre Haute",
    "city": "Terre Haute",
    "state": "IN",
    "zip": "78586",
    "phone": "(866) 587-4937",
    "address1": "876 Main St",
    "address2": "",
    "hours": "Mon\u2013Fri 8am\u20135pm",
    "url": "#"
  },
  {
    "id": 2,
    "name": "Honest Abe Roofing \u2013 Evansville",
    "city": "Evansville",
    "state": "IN",
    "zip": "60153",
    "phone": "(866) 587-2316",
    "address1": "1480 Lincoln St",
    "address2": "",
    "hours": "Mon\u2013Fri 8am\u20135pm",
    "url": "#"
  },
  {
    "id": 3,
    "name": "Honest Abe Roofing \u2013 Indianapolis",
    "city": "Indianapolis",
    "state": "IN",
    "zip": "49547",
    "phone": "(866) 587-4697",
    "address1": "153 Walnut St",
    "address2": "",
    "hours": "Mon\u2013Fri 8am\u20135pm",
    "url": "#"
  },
  {
    "id": 4,
    "name": "Honest Abe Roofing \u2013 Fort Wayne",
    "city": "Fort Wayne",
    "state": "IN",
    "zip": "53929",
    "phone": "(866) 587-8387",
    "address1": "191 Walnut St",
    "address2": "",
    "hours": "Mon\u2013Fri 8am\u20135pm",
    "url": "#"
  },
  {
    "id": 5,
    "name": "Honest Abe Roofing \u2013 South Bend",
    "city": "South Bend",
    "state": "IN",
    "zip": "70340",
    "phone": "(866) 587-4047",
    "address1": "1888 Oak St",
    "address2": "",
    "hours": "Mon\u2013Fri 8am\u20135pm",
    "url": "#"
  },
  {
    "id": 6,
    "name": "Honest Abe Roofing \u2013 Louisville",
    "city": "Louisville",
    "state": "KY",
    "zip": "49297",
    "phone": "(866) 587-6707",
    "address1": "1911 Lincoln St",
    "address2": "",
    "hours": "Mon\u2013Fri 8am\u20135pm",
    "url": "#"
  },
  {
    "id": 7,
    "name": "Honest Abe Roofing \u2013 Paducah",
    "city": "Paducah",
    "state": "KY",
    "zip": "58699",
    "phone": "(866) 587-3132",
    "address1": "572 Oak St",
    "address2": "",
    "hours": "Mon\u2013Fri 8am\u20135pm",
    "url": "#"
  },
  {
    "id": 8,
    "name": "Honest Abe Roofing \u2013 Nashville",
    "city": "Nashville",
    "state": "TN",
    "zip": "73317",
    "phone": "(866) 587-4760",
    "address1": "1499 Walnut St",
    "address2": "",
    "hours": "Mon\u2013Fri 8am\u20135pm",
    "url": "#"
  },
  {
    "id": 9,
    "name": "Honest Abe Roofing \u2013 Dallas",
    "city": "Dallas",
    "state": "TX",
    "zip": "57335",
    "phone": "(866) 587-1209",
    "address1": "1137 Maple St",
    "address2": "",
    "hours": "Mon\u2013Fri 8am\u20135pm",
    "url": "#"
  },
  {
    "id": 10,
    "name": "Honest Abe Roofing \u2013 McAllen",
    "city": "McAllen",
    "state": "TX",
    "zip": "60519",
    "phone": "(866) 587-9875",
    "address1": "979 Maple St",
    "address2": "",
    "hours": "Mon\u2013Fri 8am\u20135pm",
    "url": "#"
  },
  {
    "id": 11,
    "name": "Honest Abe Roofing \u2013 Edinburg",
    "city": "Edinburg",
    "state": "TX",
    "zip": "63991",
    "phone": "(866) 587-8420",
    "address1": "926 Maple St",
    "address2": "",
    "hours": "Mon\u2013Fri 8am\u20135pm",
    "url": "#"
  },
  {
    "id": 12,
    "name": "Honest Abe Roofing \u2013 Brownsville",
    "city": "Brownsville",
    "state": "TX",
    "zip": "73534",
    "phone": "(866) 587-1836",
    "address1": "904 Main St",
    "address2": "",
    "hours": "Mon\u2013Fri 8am\u20135pm",
    "url": "#"
  }
]